{
  "looting": {
    "items": [
      {
        "count": 1,
        "id": 3043
      },
      {
        "count": 11,
        "id": 3028
      },
      {
        "count": 0,
        "id": 16120
      }
    ],
    "maxDanger": 10,
    "minCapacity": 100,
    "containers": [
      {
        "count": 1,
        "id": 21411
      },
      {
        "count": 1,
        "id": 24395
      },
      {
        "count": 1,
        "id": 10326
      }
    ],
    "everyItem": false
  },
  "targeting": [
    {
      "useSpellAttack": false,
      "useRuneAttack": true,
      "minMana": 200,
      "avoidAttacks": false,
      "minManaGroup": 1500,
      "groupAttackSpell": "exevo mas san",
      "danger": 10,
      "runeAttackDelay": 2000,
      "lureCavebot": true,
      "dontLoot": true,
      "useGroupAttackRune": false,
      "groupRuneAttackRadius": 1,
      "groupAttackIgnorePlayers": false,
      "maxDistance": 10,
      "groupAttackIgnoreParty": false,
      "lureCount": 1,
      "useGroupAttack": true,
      "groupRuneAttackTargets": 2,
      "attackSpell": "exori gran con",
      "groupAttackRune": 0,
      "groupAttackRadius": 1,
      "keepDistanceRange": 1,
      "groupAttackDelay": 1000,
      "attackSpellDelay": 1500,
      "chase": false,
      "priority": 0,
      "keepDistance": false,
      "lure": false,
      "groupAttackTargets": 2,
      "attackRune": 3161,
      "groupRuneAttackDelay": 5000,
      "name": "fasfsafsaf",
      "regex": "^fasfsafsaf$"
    },
    {
      "useSpellAttack": true,
      "useRuneAttack": false,
      "minMana": 200,
      "avoidAttacks": false,
      "groupAttackTargets": 1,
      "groupAttackSpell": "exori gran",
      "danger": 1,
      "runeAttackDelay": 2000,
      "lureCavebot": false,
      "dontLoot": false,
      "useGroupAttackRune": false,
      "groupRuneAttackRadius": 1,
      "groupAttackIgnorePlayers": false,
      "maxDistance": 10,
      "groupAttackIgnoreParty": false,
      "lureCount": 1,
      "useGroupAttack": true,
      "groupRuneAttackTargets": 1,
      "attackSpell": "exori gran",
      "groupAttackRune": 0,
      "groupAttackRadius": 1,
      "keepDistanceRange": 2,
      "groupRuneAttackDelay": 5000,
      "priority": 10,
      "attackRune": 3161,
      "groupAttackDelay": 1000,
      "minManaGroup": 2000,
      "lure": false,
      "keepDistance": false,
      "attackSpellDelay": 1000,
      "chase": false,
      "name": "*",
      "regex": "^.*$"
    }
  ]
}