{
  "rope": 9596,
  "castle": {
    "enabled": false,
    "around": false,
    "id": 2983
  },
  "supplyRetries": 0,
  "foodItems": [
    {
      "count": 1,
      "id": 3582
    },
    {
      "count": 1,
      "id": 3577
    },
    {
      "count": 0,
      "id": 3723
    }
  ],
  "killSteal": {
    "setting": false,
    "enabled": false,
    "hp": 100,
    "id": 3175
  },
  "healbot": {
    "spellTable": [

    ],
    "enabled": false,
    "itemTable": [

    ]
  },
  "healing2": {
    "max": 1,
    "title": "HP%",
    "on": false,
    "min": 0,
    "text": ""
  },
  "on": false,
  "depositDone": false,
  "inboxContainerOpen": false,
  "containersClosed": false,
  "supplies": {
    "item3Max": 0,
    "item5Max": 0,
    "item3Min": 0,
    "item1Min": 0,
    "item2": 0,
    "item5Min": 0,
    "item1": 0,
    "item4Min": 0,
    "item3": 0,
    "item2Max": 0,
    "capValue": 0,
    "imbues": false,
    "SoftBoots": false,
    "staminaSwitch": false,
    "item5": 0,
    "staminaValue": "200",
    "capSwitch": false,
    "item1Max": 0,
    "item4Max": 0,
    "item2Min": 0,
    "item4": 0
  },
  "antiParalyze": "utani hur",
  "shovel": 9596,
  "buySuppliesCap": 0,
  "jewelleryEquipper": {
    "ammyValor": "HP",
    "ringMin": 80,
    "idAmmy": 3081,
    "ringEnabled": true,
    "defaultIdRing": 34080,
    "idRing": 3051,
    "defaultIdAmmy": 5785,
    "ammyMin": 70,
    "ammySwitch": true,
    "ringSwitch": true,
    "ringValor": "HP",
    "ammyEnabled": true
  },
  "manaitem1": {
    "max": 60,
    "title": "MP%",
    "min": 0,
    "item": 23535,
    "on": true,
    "subType": 0
  },
  "attackbot": {
    "pvpSafe": true,
    "enabled": false,
    "attackTable": [
      {
        "attack": "heaven scar",
        "category": 2,
        "model": 5,
        "dist": 4,
        "pvp": false,
        "manaCost": 1,
        "enabled": true,
        "index": 1,
        "minMonsters": 1
      }
    ],
    "pvpMode": false
  },
  "scythe": 9596,
  "utito": {
    "max": 100,
    "title": "Utito tempo san",
    "on": false,
    "min": 20,
    "text": "utito tempo san"
  },
  "haste": {
    "max": 80,
    "title": "Utani magna hur",
    "on": false,
    "min": 20,
    "text": "utani magna hur"
  },
  "posCheckRetries": 0,
  "title": "title",
  "hpitem2": {
    "max": 84,
    "title": "HP%",
    "min": 0,
    "item": 23374,
    "on": true,
    "subType": 0
  },
  "manaShield": "utamo vita",
  "autoTradeMessage": "",
  "advancedFriendHealer": {
    "itemHeal": true,
    "minFriendHp": 40,
    "id": 3160,
    "spellName": "exura sio",
    "distance": 8,
    "spellHeal": true,
    "minMana": 60
  },
  "lootItemsCount": 0,
  "isUsing": false,
  "pushmax": {
    "pushMaxRuneId": 3188,
    "mwallBlockId": 2128,
    "pushDelay": 1060,
    "enabled": false,
    "pushMaxKey": "PageUp"
  },
  "BotServerChannel": "gabsthecreator",
  "combobot": {
    "attackSpellEnabled": false,
    "attackLeaderTargetEnabled": false,
    "shootLeader": "",
    "onCastEnabled": false,
    "followLeaderEnabled": false,
    "commandsEnabled": true,
    "serverEnabled": true,
    "onSayEnabled": false,
    "attack": "",
    "enabled": false,
    "spell": "",
    "onShootEnabled": false,
    "attackItemToggle": false,
    "serverTriggers": true,
    "item": 3155,
    "sayPhrase": "",
    "serverLeaderTarget": true,
    "serverLeader": "Galadriel Granger",
    "sayLeader": "",
    "follow": "LEADER",
    "castLeader": ""
  },
  "antiPushPanel": {
    "items": [
      3031,
      3035,
      0,
      0,
      0
    ],
    "enabled": false
  },
  "_macros": {
    "": true,
    "Supply Sorter": false,
    "Utito tempo san": true,
    "Buff": true,
    "mwall on target": false,
    "Click ReUse": false,
    "Auto refil stamina": true,
    "Stamina": true,
    "Spells War": false,
    "Auto refil mini stamina": true,
    "mwall step": false,
    "Buff / Exevo stam": true,
    "Eat Food": false,
    "Buff / exevo stam": true,
    "Spells Para Upar": true,
    "Pull Nearby Items": false,
    "Exchange money": true,
    "Drop Items": true,
    "Buff and exevo stam": true,
    "Send message on trade": false
  },
  "autoEquip": [
    {
      "item1": 3081,
      "title": "Auto Equip",
      "item2": 3081,
      "on": false,
      "slot": 2
    },
    {
      "item1": 0,
      "title": "Auto Equip",
      "item2": 0,
      "on": false,
      "slot": 9
    },
    {
      "item1": 0,
      "title": "Auto Equip",
      "item2": 0,
      "on": false,
      "slot": 0
    },
    {
      "item1": 0,
      "title": "Auto Equip",
      "item2": 0,
      "on": false,
      "slot": 0
    }
  ],
  "currentStack": 0,
  "trashItems": [
    {
      "id": 283,
      "count": 1
    },
    {
      "id": 284,
      "count": 1
    },
    {
      "id": 285,
      "count": 1
    },
    {
      "id": 28853,
      "count": 1
    },
    {
      "id": 23543,
      "count": 1
    },
    {
      "id": 3286,
      "count": 1
    },
    {
      "id": 27653,
      "count": 2
    },
    {
      "id": 23544,
      "count": 1
    },
    {
      "id": 21899,
      "count": 1
    },
    {
      "id": 23531,
      "count": 1
    }
  ],
  "lootContainerOpen": false,
  "sellAllCap": 0,
  "AnalysersPanel": {
    "bestHit": 32248,
    "bestHeal": 5984,
    "lootItems": [

    ]
  },
  "serverMembers": "[\"Khaleesi\"]",
  "item": 0,
  "stamina": {
    "item": 266,
    "on": false,
    "title": "Stamina potion"
  },
  "clearing": false,
  "max": 80,
  "machete": 9596,
  "_configs": {
    "cavebot_configs": {
      "selected": "dungeon_solo3",
      "enabled": false
    },
    "targetbot_configs": {
      "enabled": true,
      "selected": "all"
    }
  },
  "healing1": {
    "max": 95,
    "title": "HP%",
    "on": false,
    "min": 0,
    "text": "exura gran ico"
  },
  "utitoSpell": "utura gran",
  "containersReset": false,
  "subType": 0,
  "BOTserver": {
    "manaInfo": true,
    "mwallInfo": true,
    "mwalls": [

    ]
  },
  "hpitem1": {
    "max": 65,
    "title": "HP%",
    "min": 0,
    "item": 23375,
    "on": true,
    "subType": 0
  },
  "manaitem2": {
    "max": 50,
    "title": "MP%",
    "min": 0,
    "item": 0,
    "on": false,
    "subType": 0
  },
  "alarms": {
    "playerDetected": false,
    "healthValue": 40,
    "playerDetectedLogout": false,
    "playerAttack": false,
    "manaBelow": false,
    "creatureDetected": false,
    "healthBelow": false,
    "enabled": false,
    "manaValue": 50,
    "privateMessage": false
  },
  "playerList": {
    "enemyList": [

    ],
    "outfits": false,
    "groupMembers": true,
    "marks": false,
    "friendList": [
      "Zenhir",
      "Shazam"
    ]
  },
  "ConditionPanel": {
    "cureBurn": false,
    "curseCost": 80,
    "electrifyCost": 22,
    "ignoreInPz": true,
    "bleedCost": 45,
    "cureCurse": false,
    "poisonCost": 20,
    "curePosion": false,
    "hasteSpell": "utani magna hur",
    "curePoison": false,
    "paralyseSpell": "utani magna hur",
    "cureBleed": false,
    "holdUtura": false,
    "holdHaste": false,
    "hasteCost": 40,
    "cureParalyse": false,
    "uturaType": "Utura Gran",
    "utamoCost": 40,
    "enabled": true,
    "uturaCost": 100,
    "cureElectrify": false,
    "holdUtamo": false,
    "paralyseCost": 40,
    "utanaCost": 440,
    "holdUtana": false,
    "burnCost": 30
  },
  "min": 20,
  "hasteSpell": "utani hur",
  "stopSearch": false
}